provincia,jurisdiccion,tipo_zona,tipo_aplicacion,banda_toxicologica,distancia_min_m,permitido,condiciones,norma,articulo,observaciones
,santa-fe,zona_urbana,aerea,Ia;Ib,3000,N,,ley-11273-1995,33,
,santa-fe,zona_urbana,aerea,II,3000,N,,ley-11273-1995,33,
,santa-fe,zona_urbana,aerea,II,500,S,"Excepcion para clase B entre 500 y 3000 m: ordenanza municipal o comunal que la autorice (art. 33 de la Ley 11.273); terreno o estado del cultivo que impidan aplicar con equipos terrestres y ausencia de productos equivalentes de clase C o D; no procede con centros educativos, de salud, recreativos o habitacionales en las inmediaciones",ley-055297-2017,51,
,santa-fe,zona_urbana,aerea,III;IV,500,N,,ley-11273-1995,33,"Prohibicion implicita: el art. 33 solo admite excepcionalmente clases C y D dentro de 500 m si existe ordenanza municipal o comunal que lo autorice"
,santa-fe,zona_urbana,aerea,III;IV,0,S,"Excepcion dentro de 500 m: ordenanza municipal o comunal que la autorice (art. 33 de la Ley 11.273); terreno o estado del cultivo que impidan aplicar con equipos terrestres; no procede con centros educativos, de salud, recreativos o habitacionales en las inmediaciones",ley-055297-2017,51,"La norma no fija una distancia minima dentro de los 500 m"
,santa-fe,zona_urbana,terrestre,Ia;Ib;II,500,N,,ley-11273-1995,34,
,santa-fe,zona_urbana,terrestre,III;IV,0,S,"Conforme a la reglamentacion (art. 34 de la Ley 11.273); no procede con equipos de arrastre o autopropulsados si hay centros de ensenanza, de salud o recreativos en las inmediaciones (art. 40 del decreto); el municipio o comuna debe fijar los limites de la planta urbana si no estan en una ordenanza (art. 53 del decreto)",ley-11273-1995,34,"La ley no fija una distancia minima para clases C y D en aplicacion terrestre"
santa-fe,el-trebol,zona_urbana,aerea,todas,500,N,,ordenanza-841-2010,6,
santa-fe,el-trebol,zona_urbana,aerea,II,3000,N,,ordenanza-841-2010,7,
santa-fe,sastre,zona_urbana,aerea,todas,3000,N,,ordenanza-1174-2019,,"Ordenanza 1174/19 (23-sep-2019) mas estricta que los 1500 m aereos citados en la instancia judicial de 2020, por lo que rige la ordenanza; aplica a Sastre y Ortiz. La confirmacion de la Corte Suprema de Santa Fe (nov-2023) no distingue terrestre de aerea, solo habla de una zona de exclusion de 1000 m sin especificar modalidad: no se pudo confirmar si trato la aplicacion aerea por separado. Fuente secundaria de prensa, no el texto original de la ordenanza"
santa-fe,sastre,zona_urbana,terrestre,todas,1000,N,,fallo-sastre-2020,,"Sentencia definitiva 28-sep-2020 (Juzgado de Rafaela), confirmada dic-2020 por la Camara de Apelacion de Rafaela y confirmada en instancia final por la Corte Suprema de Justicia de Santa Fe (nov-2023, fecha exacta sin confirmar); prohibicion total sin distincion de banda dentro de 1000 m, mas estricta que los 200 m que fijaba la ordenanza 1174/19 para este tramo; aplica a toda la localidad de Sastre y Ortiz. Es la instancia mas firme (cosa juzgada) de las normas de Sastre en este csv"
santa-fe,sastre,zona_urbana,terrestre,III,1000,S,"Solo productos clasificados 'ligeramente peligrosos' por la ordenanza, en el tramo de 1000 a 1200 m no cubierto por el fallo",ordenanza-1174-2019,,"Mapeo 'ligeramente peligroso' = banda III (azul) inferido de la nomenclatura OMS/SENASA; no confirmado contra el texto original de la ordenanza"
santa-fe,sastre,zona_urbana,terrestre,II,1200,S,"Productos 'moderadamente peligrosos' autorizados mas alla de los 1200 m; banda III tambien permitida en este tramo",ordenanza-1174-2019,,"Mapeo 'moderadamente peligroso' = banda II (amarilla) inferido; no confirmado contra el texto original. Banda IV no fue mencionada en la fuente consultada: no se incluye una fila para no inventar el dato"
santa-fe,sastre,zona_urbana,terrestre,Ia;Ib,99999,N,,ordenanza-1174-2019,,"Banda roja prohibida en todo el distrito de Sastre y Ortiz, sin limite de distancia. 99999 es la convencion de este proyecto para 'sin limite' (ver servicios/reglas.py::DISTANCIA_SIN_LIMITE_M): listar_limitaciones lo muestra como 'en toda la jurisdiccion', no como un numero de metros"
santa-fe,sastre,escuela,aerea,todas,200,N,,ordenanza-1174-2019,,"Buffer adicional desde la escuela rural N 693 Bernardino Rivadavia (Estacion km 465). La fuente no aclara si aplica solo a terrestre o tambien a aerea; se replico en ambas por precaucion"
santa-fe,sastre,escuela,terrestre,todas,200,N,,ordenanza-1174-2019,,"Buffer adicional desde la escuela rural N 693 Bernardino Rivadavia (Estacion km 465). La fuente no aclara si aplica solo a terrestre o tambien a aerea; se replico en ambas por precaucion"
santa-fe,san-jorge,zona_urbana,terrestre,todas,800,N,,fallo-san-jorge-2009,,"Caso 'Peralta, Viviana c/ Municipalidad de San Jorge y otros', Juzgado de Primera Instancia de Distrito Civil Comercial y Laboral N 11 de San Jorge (abril 2009), confirmado por la Camara de Apelaciones N 2 de Santa Fe (dic-2009). ALCANCE LIMITADO: resolvio un caso puntual (barrio Urquiza vs. campos linderos); no se encontro ordenanza municipal de San Jorge sobre fitosanitarios que lo respalde con caracter general. Se usa como unico criterio disponible a falta de otra norma"
santa-fe,san-jorge,zona_urbana,aerea,todas,1500,N,,fallo-san-jorge-2009,,"Mismo fallo y misma salvedad de alcance que la fila terrestre: caso puntual, sin ordenanza municipal de respaldo"
