nombre,categoria
Aarón Castellanos,Comuna
Acebal,Comuna
Aguará Grande,Comuna
Albarellos,Comuna
Alcorta,Comuna
Aldao,Comuna
Alejandra,Comuna
Alvear,Comuna
Ambrosetti,Comuna
Amenábar,Comuna
Angeloni,Comuna
Angélica,Comuna
Arequito,Comuna
Arminda,Comuna
Armstrong,Municipio
Arocena,Comuna
Arroyo Aguiar,Comuna
Arroyo Ceibal,Comuna
Arroyo Leyes,Comuna
Arroyo Seco,Municipio
Arrufo,Comuna
Arteaga,Comuna
Ataliva,Comuna
Aurelia,Comuna
Avellaneda,Municipio
Barrancas,Comuna
Bauer y Sigel,Comuna
Bella Italia,Comuna
Berabevú,Comuna
Berna,Comuna
Bernardo de Irigoyen,Comuna
Bigand,Comuna
Bombal,Comuna
Bouquet,Comuna
Bustinza,Comuna
Cabal,Comuna
Cacique Ariacaiquín,Comuna
Cafferata,Comuna
Calchaquí,Municipio
Campo Andino,Comuna
Campo Piaggio,Comuna
Candioti,Comuna
Capitán Bermúdez,Municipio
Capivara,Comuna
Carcarañá,Municipio
Carlos Pellegrini,Comuna
Carmen,Comuna
Carmen del Sauce,Comuna
Carreras,Comuna
Carrizales,Comuna
Casalegno,Comuna
Casas,Comuna
Casilda,Municipio
Castelar,Comuna
Castellanos,Comuna
Cavour,Comuna
Cayastacito,Comuna
Cayastá,Comuna
Cañada Ombú,Comuna
Cañada Rica,Comuna
Cañada Rosquín,Comuna
Cañada de Gómez,Municipio
Cañada del Ucle,Comuna
Centeno,Comuna
Cepeda,Comuna
Ceres,Municipio
Chabas,Comuna
Chapuy,Comuna
Chañar Ladeado,Comuna
Chovet,Comuna
Christophersen,Comuna
Classon,Comuna
Colonia Aldao,Comuna
Colonia Ana,Comuna
Colonia Belgrano,Comuna
Colonia Bicha,Comuna
Colonia Bigand,Comuna
Colonia Bossi,Comuna
Colonia Cello,Comuna
Colonia Clara,Comuna
Colonia Dolores,Comuna
Colonia Durán,Comuna
Colonia Iturraspe,Comuna
Colonia Margarita,Comuna
Colonia Mascías,Comuna
Colonia Maua,Comuna
Colonia Raquel,Comuna
Colonia Rosa,Comuna
Constanza,Comuna
Coronda,Municipio
Coronel Arnold,Comuna
Coronel Bogado,Comuna
Coronel Domínguez,Comuna
Coronel Fraga,Comuna
Correa,Comuna
Crispi,Comuna
Cululú,Comuna
Curupaity,Comuna
Desvío Arijón,Comuna
Diego de Alvear,Comuna
Dos Rosas y La Legua,Comuna
Díaz,Comuna
Egusquiza,Comuna
El Araza,Comuna
El Rabón,Comuna
El Sombrerito,Comuna
El Trébol,Municipio
Elisa,Comuna
Elortondo,Comuna
Emilia,Comuna
Empalme San Carlos,Comuna
Empalme Villa Constitución,Comuna
Esmeralda,Comuna
Esperanza,Municipio
Estación Clucellas,Comuna
Esteban Rams,Comuna
Esther,Comuna
Eusebia y Carolina,Comuna
Eustolia,Comuna
Felicia,Comuna
Fidela,Comuna
Fighiera,Comuna
Firmat,Municipio
Florencia,Municipio
Fortín Olmos,Comuna
Franck,Comuna
Fray Luis Beltrán,Municipio
Frontera,Municipio
Fuentes,Comuna
Funes,Municipio
Gaboto,Comuna
Galisteo,Comuna
Garabato,Comuna
Garibaldi,Comuna
Gato Colorado,Comuna
General Gelly,Comuna
General Lagos,Comuna
Gessler,Comuna
Gobernador Crespo,Comuna
Godoy,Comuna
Golondrina,Comuna
Granadero Baigorria,Municipio
Gregoria Pérez de Denis,Comuna
Grutly,Comuna
Guadalupe Norte,Comuna
Gálvez,Municipio
Gödeken,Comuna
Helvecia,Comuna
Hersilia,Comuna
Hipatía,Comuna
Huanqueros,Comuna
Hugentobler,Comuna
Hughes,Comuna
Humberto Primo,Comuna
Humboldt,Comuna
Ibarlucea,Comuna
Ingeniero Chanourdie,Comuna
Intiyaco,Comuna
Irigoyen,Comuna
Ituzaingó,Comuna
Jacinto L. Aráuz,Comuna
Josefina,Comuna
Juan B. Molina,Comuna
Juan de Garay,Comuna
Juncal,Comuna
La Brava,Comuna
La Cabral,Comuna
La Camila,Comuna
La Chispa,Comuna
La Criolla,Comuna
La Gallareta,Comuna
La Lucila,Comuna
La Pelada,Comuna
La Penca y Caraguatá,Comuna
La Rubia,Comuna
La Sarita,Comuna
La Vanguardia,Comuna
Labordeboy,Comuna
Laguna Paiva,Municipio
Landeta,Comuna
Lanteri,Comuna
Larrechea,Comuna
Las Avispas,Comuna
Las Bandurrias,Comuna
Las Garzas,Comuna
Las Palmeras,Comuna
Las Parejas,Municipio
Las Petacas,Comuna
Las Rosas,Municipio
Las Toscas,Municipio
Las Tunas,Comuna
Lazzarino,Comuna
Lehmann,Comuna
Llambí Campbell,Comuna
Logroño,Comuna
Loma Alta,Comuna
Los Amores,Comuna
Los Cardos,Comuna
Los Laureles,Comuna
Los Molinos,Comuna
Los Quirquinchos,Comuna
Los Tábanos,Comuna
Lucio V. López,Comuna
Luis Palacios,Comuna
López,Comuna
Maciel,Comuna
Maggiolo,Comuna
Malabrigo,Municipio
Marcelino Escalada,Comuna
Margarita,Comuna
María Juana,Comuna
María Luisa,Comuna
María Susana,Comuna
María Teresa,Comuna
Matilde,Comuna
Melincué,Comuna
Miguel Torres,Comuna
Moisés Ville,Comuna
Monigotes,Comuna
Monje,Comuna
Monte Oscuridad,Comuna
Monte Vera,Comuna
Montefiore,Comuna
Montes de Oca,Comuna
Murphy,Comuna
Máximo Paz,Comuna
Naré,Comuna
Nelson,Comuna
Nicanor Molinas,Comuna
Nuevo Torino,Comuna
Oliveros,Comuna
Palacios,Comuna
Pavón,Comuna
Pavón Arriba,Comuna
Pedro Gómez Cello,Comuna
Peyrano,Comuna
Piamonte,Comuna
Pilar,Comuna
Piñero,Comuna
Plaza Clucellas,Comuna
Portugalete,Comuna
Pozo Borrado,Comuna
Presidente Roca,Comuna
Progreso,Comuna
Providencia,Comuna
Pueblo Andino,Comuna
Pueblo Esther,Municipio
Pueblo Marini,Comuna
Pueblo Muñoz,Comuna
Puerto General San Martín,Municipio
Pujato,Comuna
Pujato Norte,Comuna
Pérez,Municipio
Rafaela,Municipio
Ramayón,Comuna
Ramona,Comuna
Reconquista,Municipio
Recreo,Municipio
Ricardone,Comuna
Rivadavia,Comuna
Roldán,Municipio
Romang,Municipio
Rosario,Municipio
Rueda,Comuna
Rufino,Municipio
Sa Pereyra,Comuna
Saguier,Comuna
Saladero Mariano Cabal,Comuna
Salto Grande,Comuna
San Agustín,Comuna
San Antonio,Comuna
San Antonio de Obligado,Comuna
San Bernardo,Comuna
San Carlos Centro,Municipio
San Carlos Norte,Comuna
San Carlos Sud,Comuna
San Cristóbal,Municipio
San Eduardo,Comuna
San Eugenio,Comuna
San Fabián,Comuna
San Francisco de Santa Fe,Comuna
San Genaro,Municipio
San Gregorio,Comuna
San Guillermo,Municipio
San Javier,Municipio
San Jerónimo Norte,Municipio
San Jerónimo Sud,Comuna
San Jerónimo del Sauce,Comuna
San Jorge,Municipio
San José,Comuna
San José de la Esquina,Comuna
San José del Rincón,Municipio
San Justo,Municipio
San Lorenzo,Municipio
San Mariano,Comuna
San Martín Norte,Comuna
San Martín de las Escobas,Comuna
San Vicente,Comuna
Sancti Spiritu,Comuna
Sanford,Comuna
Santa Clara de Buena Vista,Comuna
Santa Clara de Saguier,Comuna
Santa Fe,Municipio
Santa Isabel,Comuna
Santa Margarita,Comuna
Santa María Centro,Comuna
Santa María Norte,Comuna
Santa Rosa de Calchines,Comuna
Santa Teresa,Comuna
Santo Domingo,Comuna
Santo Tomé,Municipio
Santurce,Comuna
Sargento Cabral,Comuna
Sarmiento,Comuna
Sastre y Ortiz,Municipio
Sauce Viejo,Comuna
Serodino,Comuna
Silva,Comuna
Soldini,Comuna
Soledad,Comuna
Soutomayor,Comuna
Suardi,Municipio
Sunchales,Municipio
Susana,Comuna
Tacuarendi,Comuna
Tacural,Comuna
Tacurales,Comuna
Tartagal,Comuna
Teodelina,Comuna
Theobald,Comuna
Timbúes,Comuna
Toba,Comuna
Tortugas,Comuna
Tostado,Municipio
Totoras,Municipio
Traill,Comuna
Uranga,Comuna
Venado Tuerto,Municipio
Vera,Municipio
Vera y Pintado,Comuna
Videla,Comuna
Vila,Comuna
Villa Amelia,Comuna
Villa Ana,Comuna
Villa Cañás,Municipio
Villa Constitución,Municipio
Villa Eloísa,Comuna
Villa Gobernador Gálvez,Municipio
Villa Guillermina,Comuna
Villa Minetti,Comuna
Villa Mugueta,Comuna
Villa Ocampo,Municipio
Villa San José,Comuna
Villa Saralegui,Comuna
Villa Trinidad,Comuna
Villada,Comuna
Virginia,Comuna
Wheelwright,Comuna
Zavalla,Comuna
Zenón Pereyra,Comuna
Álvarez,Comuna
Ñanducita,Comuna
